Feature,Importance
Bit 1171,0.01148018940311248
Bit 650,0.010385048426355152
Bit 807,0.007894447246064225
Bit 1917,0.007830358839406094
Bit 1457,0.0063654124356676955
Bit 1416,0.0060144760175917765
Bit 1152,0.005773727130327791
Bit 1168,0.005544387689211666
Bit 1057,0.005289611256502459
Bit 1019,0.00495536391707025
Bit 981,0.00474161130858598
Bit 283,0.004573773456200677
Bit 314,0.004440802638146442
Bit 1855,0.004349741850513603
Bit 255,0.0043241900502569795
Bit 1160,0.004078612260815402
Bit 667,0.0034311692700227277
Bit 1060,0.0030399695052205668
Bit 1,0.0028366239283304975
Bit 896,0.00280758122301848
Bit 378,0.0028064339316191847
Bit 1750,0.002804876277381433
Bit 45,0.002540061671261062
Bit 1097,0.002515319110587248
Bit 875,0.0023809886475225275
Bit 1004,0.002252973668971522
Bit 1243,0.002182320965206867
Bit 491,0.002170225872403455
Bit 1754,0.002099272602979237
Bit 695,0.0020374495070550045
Bit 935,0.00199674081554724
Bit 720,0.0019819836784694144
Bit 926,0.0019373421919465848
Bit 1308,0.0018317001990647255
Bit 389,0.001821145842012661
Bit 1791,0.0017980838654095056
Bit 1114,0.0017956459081893245
Bit 305,0.001791329304435554
Bit 1088,0.0017816656538779626
Bit 881,0.0017690713767109746
Bit 519,0.0017333402089133084
Bit 289,0.001683200922134597
Bit 1357,0.0016153798576684236
Bit 191,0.0015921141322825672
Bit 1274,0.0015851303337752025
Bit 222,0.00155945128324609
Bit 1722,0.0015561175751333085
Bit 1325,0.001555470526682661
Bit 1199,0.0015385121069808442
Bit 99,0.0015124795359547222
Bit 841,0.0014413207835015029
Bit 1878,0.0014329124049426367
Bit 80,0.001422881309934696
Bit 656,0.0014215906183987481
Bit 1257,0.001392250281912136
Bit 1922,0.001392199115231462
Bit 638,0.0013827207904864337
Bit 1919,0.0013668125249664564
Bit 117,0.0013640038277545681
Bit 1452,0.0013639880095686356
Bit 504,0.001341068492254856
Bit 1292,0.0013310395834124594
Bit 1557,0.0013264235721224256
Bit 1947,0.0013254564092687804
Bit 294,0.001323005659187164
Bit 703,0.0013191300440594234
Bit 675,0.001313708345938125
Bit 1312,0.0012868924751733427
Bit 310,0.0012853572438945092
Bit 1480,0.001270692222423772
Bit 74,0.0012543569186117183
Bit 1224,0.0012444750193652207
Bit 1840,0.0012442679482470523
Bit 1589,0.0012436768868354495
Bit 1928,0.0012271074698581204
Bit 1990,0.0012246339168552327
Bit 1866,0.0012213803979384292
Bit 114,0.0012188543487073136
Bit 909,0.0012130095021636042
Bit 227,0.0012047426179959406
Bit 1145,0.0012045568789919182
Bit 1028,0.0011992737976615699
Bit 486,0.0011861158938864563
Bit 1810,0.00117973194741375
Bit 888,0.001174541333012486
Bit 1039,0.001172933805700154
Bit 1449,0.0011729330907276046
Bit 561,0.0011694661476313042
Bit 715,0.001165568212290015
Bit 1066,0.0011577859806617425
Bit 1162,0.001141827122176608
Bit 1385,0.0011409606481431857
Bit 1683,0.0011388075092705278
Bit 322,0.001136829522656866
Bit 1779,0.001132104106154891
Bit 1391,0.0011318013774234213
Bit 1365,0.001114829469280327
Bit 242,0.001108793080633974
Bit 739,0.0011056324034169284
Bit 43,0.001103100978072948
Bit 1516,0.0011004893202397376
Bit 392,0.001099422436397286
Bit 843,0.0010952954491562075
Bit 473,0.0010898991666958297
Bit 781,0.0010840725399564467
Bit 1535,0.0010822569335725647
Bit 1737,0.0010777827414684997
Bit 1163,0.0010747503374804784
Bit 231,0.0010726779218081255
Bit 216,0.0010651622417137561
Bit 361,0.0010611912316544553
Bit 1771,0.0010601302620746966
Bit 1101,0.0010563799842599163
Bit 955,0.0010395750665734768
Bit 140,0.001034434135623445
Bit 366,0.0010184274470637453
Bit 1825,0.0010110416050246001
Bit 69,0.0010003620506103704
Bit 658,0.000996955122051584
Bit 708,0.0009938627544245704
Bit 890,0.0009929859133900416
Bit 1970,0.000992462610490484
Bit 950,0.0009885224990222733
Bit 1602,0.0009816619695511607
Bit 350,0.0009773719288812118
Bit 387,0.000972835040210253
Bit 2038,0.0009713162579317252
Bit 694,0.0009703319339195127
Bit 1952,0.0009652140471389704
Bit 162,0.0009643654071824075
Bit 1536,0.0009616944885601357
Bit 329,0.0009596196886569476
Bit 197,0.0009583537722051391
Bit 116,0.0009557696875757917
Bit 816,0.0009534117733920726
Bit 802,0.0009508656329393604
Bit 1804,0.0009462982059962804
Bit 13,0.0009395449440694902
Bit 1998,0.0009334595437298958
Bit 718,0.0009331783460196772
Bit 821,0.0009316223291401536
Bit 1991,0.0009281635115938074
Bit 1860,0.0009211933634119286
Bit 790,0.0009204786015159785
Bit 2004,0.000917198403511096
Bit 1305,0.0009148607055470255
Bit 1823,0.0009147625269303925
Bit 1295,0.0009078756017564285
Bit 275,0.0009040230822606432
Bit 207,0.0008972638259509214
Bit 980,0.00089414307633518
Bit 464,0.0008939479139884645
Bit 1765,0.0008927605964368333
Bit 1691,0.0008887397378330329
Bit 233,0.0008836102742466244
Bit 1349,0.0008835041245111615
Bit 1980,0.0008832448502459203
Bit 1697,0.0008817125045427066
Bit 1581,0.0008814495730346477
Bit 315,0.0008801767247300541
Bit 1410,0.0008769105508843536
Bit 1622,0.0008749731508869352
Bit 90,0.0008736442432004074
Bit 249,0.000869842176704912
Bit 1476,0.0008632508488602811
Bit 1573,0.0008628964682714843
Bit 226,0.0008594256344732062
Bit 2009,0.0008557547498524981
Bit 885,0.0008533073741409431
Bit 1951,0.0008527717747066906
Bit 1745,0.0008519491057585524
Bit 1089,0.0008514049333052916
Bit 217,0.0008510713700352986
Bit 325,0.0008508581860577931
Bit 699,0.0008481686622982236
Bit 736,0.0008455731772520159
Bit 470,0.0008455651017339345
Bit 319,0.0008454095061451142
Bit 701,0.0008434958660476286
Bit 1279,0.0008387734412328216
Bit 1386,0.0008381057446297328
Bit 352,0.0008359831461062005
Bit 1604,0.0008359108743649181
Bit 1236,0.000831091611288278
Bit 1853,0.0008297435173802369
Bit 1911,0.0008263066478371571
Bit 1731,0.0008248554819165561
Bit 147,0.0008208567989720099
Bit 589,0.0008174205417030964
Bit 883,0.0008151900713768665
Bit 1447,0.0008150280210242577
Bit 1567,0.0008139669687056082
Bit 1985,0.0008112269089807126
Bit 1696,0.0008108736494456867
Bit 2013,0.0008101886571026423
Bit 647,0.0008091214535398276
Bit 104,0.0008043769384937971
Bit 564,0.0008031340805954062
Bit 606,0.0007989728687793604
Bit 448,0.0007983700903462672
Bit 1507,0.0007981210347909968
Bit 1738,0.0007971167321713708
Bit 1948,0.0007967281747200402
Bit 725,0.0007922226082753813
Bit 407,0.0007905972546403928
Bit 527,0.0007903703019229832
Bit 1489,0.0007869777568316154
Bit 1894,0.0007846734776312771
Bit 1147,0.0007846331209593136
Bit 691,0.0007834596111004102
Bit 996,0.0007829803783922006
Bit 446,0.0007791544917342356
Bit 1873,0.0007781715568488847
Bit 833,0.0007766286083804449
Bit 1264,0.0007723773824534164
Bit 1582,0.0007721489594089215
Bit 145,0.0007691984511801252
Bit 118,0.0007689471087729752
Bit 368,0.0007684315864260911
Bit 1926,0.0007679262182224816
Bit 349,0.0007672222918713731
Bit 1455,0.0007671304968431969
Bit 32,0.0007661766699096156
Bit 252,0.0007633419948569563
Bit 745,0.0007619632687906121
Bit 1956,0.0007619012828070467
Bit 1844,0.000761239871674418
Bit 974,0.0007608854543965606
Bit 1422,0.0007606077118955318
Bit 794,0.0007553155972461685
Bit 1586,0.0007525909744393902
Bit 937,0.0007488163004252172
Bit 1631,0.0007471044947141991
Bit 1920,0.000745466184536755
Bit 1285,0.0007444770401190848
Bit 1766,0.0007443105297868777
Bit 412,0.0007442853458560078
Bit 335,0.0007439764434454592
Bit 689,0.0007412542816470359
Bit 1362,0.0007411999080501349
Bit 1384,0.0007404019408641025
Bit 759,0.0007385683014172318
Bit 1309,0.0007380862623115779
Bit 2021,0.0007378360040000367
Bit 1238,0.0007368390855708507
Bit 1626,0.0007366761956685476
Bit 1524,0.0007366664634048334
Bit 747,0.0007365549110935621
Bit 1569,0.0007355020132113858
Bit 237,0.0007349784290752058
Bit 168,0.000734769196571624
Bit 381,0.000734240872103039
Bit 1077,0.0007341928339971117
Bit 1816,0.0007303665364116755
Bit 1673,0.0007299603048440859
Bit 341,0.000728260543798278
Bit 1027,0.0007253768063865583
Bit 235,0.0007247318080038776
Bit 92,0.0007195108064318388
Bit 1096,0.0007191056500048042
Bit 1290,0.0007184082647903215
Bit 29,0.0007155337139948112
Bit 1070,0.000714206929747135
Bit 1482,0.000711904342044908
Bit 211,0.0007098977673732578
Bit 2000,0.0007089647369264945
Bit 394,0.0007084999970492339
Bit 2,0.0007081740952175213
Bit 728,0.0007054749962076021
Bit 1942,0.0007041033262234368
Bit 586,0.0007028215226805344
Bit 824,0.0007027817551164086
Bit 1143,0.0007020410285206198
Bit 1487,0.0007016528668116548
Bit 1141,0.0006988783285405824
Bit 1728,0.0006970107260903279
Bit 1120,0.0006969302514703434
Bit 1563,0.0006967653444672642
Bit 1136,0.0006953184205005668
Bit 1856,0.0006934036377607873
Bit 165,0.0006931580943570139
Bit 1644,0.0006886347201796798
Bit 5,0.00068695058053891
Bit 1440,0.0006832598589221086
Bit 1104,0.0006826473457897779
Bit 94,0.0006817485600042926
Bit 1321,0.000681117951392662
Bit 371,0.0006798224209341166
Bit 115,0.000679554850442474
Bit 806,0.0006789416764391537
Bit 1005,0.0006772128416108335
Bit 798,0.0006767535409901614
Bit 526,0.0006761512929922662
Bit 14,0.000675565745771818
Bit 1665,0.000675055929911462
Bit 469,0.0006747875238285728
Bit 1157,0.0006733396535149064
Bit 1361,0.0006718688021671568
Bit 1694,0.0006704499695663733
Bit 1280,0.0006689547990864981
Bit 1961,0.0006678045464097842
Bit 873,0.0006675191565697975
Bit 1123,0.0006673037730624574
Bit 41,0.0006653473653526026
Bit 588,0.0006637295075167766
Bit 1198,0.0006627356586161276
Bit 652,0.0006617890564322797
Bit 597,0.0006608448084587973
Bit 440,0.000659892308641934
Bit 623,0.0006575420782070125
Bit 474,0.0006566316341276685
Bit 932,0.0006559392287058986
Bit 1783,0.0006555408288872217
Bit 1594,0.0006555232334241742
Bit 1126,0.0006550218401680919
Bit 1233,0.0006540800409172884
Bit 680,0.0006535217067681849
Bit 1453,0.0006526554918669992
Bit 1427,0.0006524969505140709
Bit 1229,0.0006519873212347679
Bit 1031,0.0006518116728649895
Bit 1430,0.0006508401484274517
Bit 1014,0.0006507369314535911
Bit 1155,0.0006500575511293043
Bit 463,0.0006496787466408519
Bit 498,0.0006494285839655459
Bit 1436,0.0006481652503500237
Bit 800,0.0006461722567797282
Bit 1721,0.0006460470979987363
Bit 1317,0.0006435525174921401
Bit 1910,0.0006426607879705767
Bit 927,0.0006417086467109977
Bit 918,0.0006383734657800185
Bit 439,0.0006381907277358808
Bit 1670,0.0006381858540847801
Bit 9,0.0006379836636351522
Bit 456,0.0006367835093233576
Bit 138,0.000636551387859238
Bit 458,0.00063565677475496
Bit 831,0.0006344584035319259
Bit 1412,0.0006326456214054481
Bit 1808,0.0006325977652236076
Bit 1849,0.0006324556394847361
Bit 529,0.0006301376042218802
Bit 33,0.0006298037015729205
Bit 1963,0.0006291419781168018
Bit 202,0.0006280249381284465
Bit 34,0.0006279710746817076
Bit 84,0.0006272797049464055
Bit 814,0.0006264614831863362
Bit 1649,0.000626168675090193
Bit 1921,0.0006258870963881703
Bit 1627,0.0006253895697049412
Bit 619,0.00062517399583808
Bit 1934,0.0006239501294403615
Bit 323,0.0006216851753540124
Bit 425,0.0006213522861600798
Bit 1405,0.0006185164680909316
Bit 1504,0.0006184296245766967
Bit 858,0.0006180023144058222
Bit 490,0.0006177707967000404
Bit 1591,0.0006175548456440722
Bit 1205,0.0006175491374977013
Bit 2034,0.0006166066614221329
Bit 1034,0.0006160170422091424
Bit 1240,0.0006150613997692039
Bit 892,0.0006149840270323761
Bit 502,0.0006149591271444936
Bit 1603,0.0006145412719079243
Bit 1520,0.0006134367060757252
Bit 838,0.0006118581316374778
Bit 1445,0.0006105958928002742
Bit 291,0.0006105367070528706
Bit 1047,0.0006104988853188647
Bit 1017,0.000609057800564139
Bit 58,0.0006087498952027724
Bit 547,0.0006072949593440602
Bit 1071,0.0006072379315920089
Bit 1189,0.000607089640423774
Bit 1154,0.000606760878107046
Bit 750,0.0006062332736527668
Bit 1693,0.0006060210648640452
Bit 1380,0.0006043236245158064
Bit 480,0.0006041069016033224
Bit 902,0.0006019705152065818
Bit 940,0.0006009888526272981
Bit 248,0.0006009366286756747
Bit 1692,0.0006005704005427
Bit 1013,0.0006003311757787781
Bit 1043,0.0006000983758760319
Bit 1993,0.0005985534246660344
Bit 204,0.0005981251132965787
Bit 4,0.0005976411897032245
Bit 1441,0.000597383111515752
Bit 277,0.0005967141462209015
Bit 1195,0.0005962492694261527
Bit 1438,0.0005961143862942244
Bit 1806,0.0005958115143712131
Bit 1617,0.0005950868738515291
Bit 503,0.0005927363288277329
Bit 102,0.0005926962739751619
Bit 1717,0.0005893997895405806
Bit 1169,0.0005890011055081861
Bit 1748,0.0005886764978259262
Bit 119,0.0005878125941067322
Bit 2012,0.0005868658491201052
Bit 1999,0.0005858955107998496
Bit 1901,0.0005847075481165436
Bit 1099,0.0005843632144989882
Bit 1676,0.0005838357114752533
Bit 397,0.0005830614555953636
Bit 193,0.0005824646139287155
Bit 241,0.0005814862927354288
Bit 541,0.0005809069272120195
Bit 944,0.0005799774361385311
Bit 1049,0.0005798577321761917
Bit 641,0.0005797563049786396
Bit 609,0.0005788654015325299
Bit 771,0.0005784793752444303
Bit 1972,0.0005781335279687192
Bit 812,0.0005775340285429956
Bit 1647,0.0005775074410948343
Bit 186,0.0005757091481350124
Bit 804,0.0005756541027521442
Bit 1488,0.0005742587597046361
Bit 2042,0.0005734556087529014
Bit 984,0.0005733980220446671
Bit 1899,0.0005715639831663942
Bit 753,0.0005715107484847402
Bit 1202,0.0005714202304632461
Bit 2033,0.0005712312023065352
Bit 530,0.0005710264349057142
Bit 184,0.000570742311678661
Bit 1466,0.0005705488917026767
Bit 690,0.0005702797830454402
Bit 809,0.0005699470792430525
Bit 961,0.0005697904801482929
Bit 787,0.0005690016909099947
Bit 1742,0.0005687754116564007
Bit 1050,0.0005682193963866692
Bit 744,0.0005672963247708241
Bit 1501,0.0005672778781201271
Bit 461,0.0005663419816577072
Bit 847,0.000565773507737269
Bit 1723,0.0005651890555996079
Bit 979,0.0005646595087762277
Bit 358,0.0005622800214541349
Bit 784,0.0005608149509465436
Bit 1542,0.0005595728025404851
Bit 713,0.0005592332278352063
Bit 1634,0.0005590956917574628
Bit 1739,0.0005590369713985121
Bit 501,0.0005585504959888011
Bit 8,0.0005562634005652147
Bit 523,0.0005557520405647762
Bit 987,0.0005556925074934109
Bit 1444,0.0005552341606484184
Bit 1083,0.0005552004039194853
Bit 338,0.0005546882222897372
Bit 1701,0.0005540622357153647
Bit 309,0.0005537769271264955
Bit 158,0.000553457045787427
Bit 1832,0.0005503358146618687
Bit 679,0.0005503144721309836
Bit 1871,0.0005495418308496387
Bit 1733,0.0005486005899522512
Bit 674,0.0005481492072418804
Bit 1564,0.0005478218949067686
Bit 1638,0.00054705222534228
Bit 590,0.0005450484116856192
Bit 632,0.0005440150797906065
Bit 731,0.0005429949409832656
Bit 1518,0.0005417959275598951
Bit 348,0.0005416464089450993
Bit 1225,0.0005414912325202063
Bit 1164,0.0005405253468125437
Bit 1298,0.0005398821383331197
Bit 251,0.000537425546641895
Bit 591,0.0005371576583502304
Bit 205,0.0005371104033372833
Bit 1167,0.0005369468236282657
Bit 1981,0.0005359677684181717
Bit 1746,0.0005352426224592401
Bit 1418,0.0005346087964408543
Bit 1464,0.0005338446196629649
Bit 259,0.0005315746494683699
Bit 1768,0.0005308614317694324
Bit 864,0.0005306900171263828
Bit 1747,0.0005302331790551237
Bit 441,0.000530003842824908
Bit 879,0.00052943649716318
Bit 1209,0.0005291829031331228
Bit 383,0.0005288675226967405
Bit 11,0.0005283526561840824
Bit 360,0.000527593322554583
Bit 385,0.0005271177484424784
Bit 1905,0.0005268695932002926
Bit 1051,0.0005258338555080705
Bit 1032,0.000525655513429538
Bit 1214,0.0005251481834172881
Bit 1862,0.0005234631561955259
Bit 1508,0.0005220161702080097
Bit 1923,0.0005219459925883786
Bit 899,0.0005214968419641408
Bit 1010,0.0005211885899636038
Bit 1503,0.0005202297665129508
Bit 1400,0.000519961655867638
Bit 1867,0.0005193494396982372
Bit 1146,0.0005169668201661859
Bit 1221,0.0005161774685988917
Bit 379,0.0005157719280546635
Bit 357,0.0005151932479560996
Bit 1307,0.0005151177826844245
Bit 318,0.0005139078679517003
Bit 1363,0.0005133808882047433
Bit 642,0.0005123431110914391
Bit 1820,0.0005120713126567839
Bit 1645,0.0005120711183378182
Bit 400,0.0005116964718861588
Bit 1356,0.0005108974954001911
Bit 1646,0.0005095527110156173
Bit 1366,0.0005090898665567571
Bit 1138,0.0005088289012235601
Bit 333,0.0005086505242870681
Bit 1687,0.0005084225540959405
Bit 835,0.0005083215271987307
Bit 272,0.0005074816275853379
Bit 1116,0.000507076026704179
Bit 1182,0.0005058487961926444
Bit 221,0.0005055995043231268
Bit 1799,0.0005054383964428011
Bit 1987,0.0005051158716326453
Bit 840,0.0005044938818412027
Bit 1124,0.0005041467200963302
Bit 1946,0.0005041202188536811
Bit 430,0.0005032727375019382
Bit 76,0.0005031322231520951
Bit 82,0.0005030418297530478
Bit 1898,0.0005028929233055877
Bit 552,0.0005027655530866587
Bit 692,0.0005023392969583961
Bit 1659,0.0005017513570101976
Bit 953,0.0005016788706871211
Bit 1417,0.0005008665874880199
Bit 2022,0.0005006764424415561
Bit 1976,0.0005002113093851216
Bit 1803,0.0004998558849686638
Bit 40,0.0004996843359612199
Bit 799,0.0004988009988297404
Bit 2024,0.000498564393488622
Bit 1314,0.0004984977169456221
Bit 1261,0.0004980483144797639
Bit 1456,0.0004976984018689948
Bit 293,0.0004974998062254332
Bit 1451,0.0004970404226928522
Bit 1897,0.0004961772271027534
Bit 1916,0.0004956434713915352
Bit 265,0.0004956034798013666
Bit 653,0.0004955816350163727
Bit 782,0.0004955721506791097
Bit 668,0.0004954697744076766
Bit 610,0.0004946480335816024
Bit 278,0.0004944002394722526
Bit 566,0.0004942497167383885
Bit 884,0.0004942164679983593
Bit 1158,0.0004941840336117401
Bit 593,0.0004936121808262183
Bit 1284,0.0004933137010665956
Bit 548,0.0004930513691425531
Bit 1544,0.0004919630261749039
Bit 25,0.000491509878697817
Bit 420,0.0004909882887211627
Bit 834,0.0004908907286682301
Bit 428,0.0004907480084084646
Bit 301,0.0004903923249428632
Bit 271,0.0004903331532290753
Bit 1941,0.0004902695148486007
Bit 471,0.0004901927915885707
Bit 1396,0.0004901147282207524
Bit 1446,0.0004898282923949033
Bit 1156,0.0004897927929057495
Bit 157,0.0004895290577212049
Bit 973,0.0004893233857265322
Bit 941,0.000488353656116639
Bit 724,0.00048763206808955406
Bit 723,0.0004874424732898906
Bit 30,0.0004873733352515321
Bit 894,0.0004873140798451529
Bit 629,0.00048709061371771784
Bit 2017,0.0004869226125916183
Bit 845,0.00048597465261381826
Bit 313,0.00048514263111530947
Bit 1852,0.00048489566452151935
Bit 573,0.0004848156884117307
Bit 1869,0.00048443166911417716
Bit 901,0.0004842262681494306
Bit 1997,0.0004835838107562852
Bit 230,0.000482707792753486
Bit 1850,0.00048251339449789036
Bit 1964,0.00048243448131061415
Bit 1729,0.00048198543357882913
Bit 1181,0.00048111979173359444
Bit 1777,0.00048108362783484015
Bit 1555,0.00048054701545580456
Bit 1989,0.00048013600446674337
Bit 1055,0.0004791515762354591
Bit 735,0.00047885160690013515
Bit 1655,0.00047865761859949233
Bit 1110,0.00047848758345671094
Bit 598,0.0004784482720032041
Bit 837,0.0004783681259882223
Bit 732,0.0004781922898070232
Bit 1986,0.0004776194145460804
Bit 1009,0.00047735856576595074
Bit 1726,0.00047732757538831023
Bit 617,0.00047732494316923575
Bit 437,0.0004765951900633712
Bit 493,0.0004761194964045033
Bit 1336,0.0004759574403862206
Bit 1847,0.0004746251446099506
Bit 1854,0.00047450100657030095
Bit 577,0.0004743376314861262
Bit 225,0.0004742141646708997
Bit 1429,0.0004740647672398597
Bit 1607,0.00047334239732824775
Bit 1908,0.00047268915200912863
Bit 611,0.00047246102710685704
Bit 762,0.0004723914310661649
Bit 1294,0.00047229615735711327
Bit 714,0.0004719704099430651
Bit 1395,0.00047122137441438455
Bit 857,0.0004704302776547726
Bit 1415,0.000470333299590404
Bit 1984,0.0004692251906749197
Bit 1450,0.0004691855369345331
Bit 507,0.00046871240287314005
Bit 947,0.0004680706407827883
Bit 1675,0.00046718076490835994
Bit 592,0.0004667810525711217
Bit 234,0.0004663629017074465
Bit 1087,0.00046610972094451614
Bit 286,0.0004659469831925593
Bit 1192,0.00046542774350841475
Bit 1671,0.00046528106694469377
Bit 1664,0.0004646829761756804
Bit 562,0.00046462084265371737
Bit 343,0.00046425397602553646
Bit 910,0.00046414758158421995
Bit 109,0.00046411951469601436
Bit 908,0.0004637890373626654
Bit 327,0.00046248571560595053
Bit 1067,0.0004624563242005278
Bit 1389,0.00046117026113463394
Bit 1549,0.0004609113340011821
Bit 284,0.0004607052266341337
Bit 716,0.0004603629191067704
Bit 155,0.00046029670268214
Bit 382,0.00045846599916904716
Bit 87,0.00045844639832835863
Bit 906,0.00045707305993766085
Bit 180,0.000456886500547951
Bit 671,0.0004567247947558611
Bit 228,0.00045656388380507074
Bit 344,0.0004557485841027223
Bit 260,0.0004555967065808739
Bit 409,0.0004555755125840851
Bit 139,0.00045530966713931286
Bit 860,0.0004550339874182671
Bit 1654,0.0004541269254846976
Bit 1208,0.0004540955639343195
Bit 494,0.0004535474095813169
Bit 75,0.00045317706360406123
Bit 452,0.0004529114948475318
Bit 897,0.00045287866572886525
Bit 1086,0.0004527197501927687
Bit 1577,0.00045248653110566004
Bit 960,0.0004524102119244789
Bit 886,0.0004522940493580971
Bit 362,0.00045216497570262
Bit 1827,0.00045214670492036243
Bit 740,0.0004515027188986489
Bit 1502,0.00045134196443628866
Bit 1732,0.0004507183069538467
Bit 1197,0.0004506026850630433
Bit 737,0.0004502640783115945
Bit 1971,0.0004501553829808227
Bit 975,0.00044963312719660764
Bit 917,0.00044913955414191875
Bit 1828,0.0004488451567505023
Bit 1648,0.000448800930229569
Bit 2018,0.0004485767306777154
Bit 1176,0.00044835604700647983
Bit 749,0.0004475336050274122
Bit 556,0.00044716488073584504
Bit 1554,0.0004471330827262721
Bit 1578,0.0004465576024510358
Bit 354,0.00044630285557633486
Bit 550,0.00044547664600940454
Bit 585,0.0004451212690292777
Bit 1913,0.0004450361159272121
Bit 558,0.00044499857359462313
Bit 934,0.00044477377840392045
Bit 384,0.00044419887369136825
Bit 1785,0.0004439796787962545
Bit 1778,0.0004438112817534668
Bit 432,0.0004435838987762642
Bit 281,0.0004434950736770215
Bit 693,0.00044342431549892943
Bit 239,0.00044302434058829496
Bit 1231,0.00044280122941967953
Bit 795,0.0004406029254870806
Bit 1296,0.00044014072580174303
Bit 317,0.00043990756872660744
Bit 766,0.00043990035264129714
Bit 1272,0.0004398404107010687
Bit 62,0.0004389673672733609
Bit 160,0.0004388993571451823
Bit 1800,0.000438712447245667
Bit 636,0.00043836892373747254
Bit 1915,0.0004381904894303062
Bit 1957,0.0004380852269184439
Bit 1266,0.000437511301531904
Bit 826,0.0004374795766889905
Bit 1091,0.0004374158093625902
Bit 563,0.0004372403545025148
Bit 624,0.00043704105077815706
Bit 1637,0.0004361577507781344
Bit 1130,0.00043600808331259846
Bit 602,0.000435840306167681
Bit 1642,0.00043559538529045215
Bit 422,0.00043548664645093517
Bit 2047,0.00043493520078021186
Bit 363,0.0004347267110857174
Bit 1859,0.00043384940572085983
Bit 369,0.00043371204423605015
Bit 328,0.000433555366117628
Bit 1478,0.000433376408810837
Bit 1527,0.00043333069139077016
Bit 895,0.00043316250341438566
Bit 269,0.0004328903962436514
Bit 684,0.0004328217043906689
Bit 1045,0.0004313526281235163
Bit 106,0.0004312425507409206
Bit 1458,0.0004311308623129461
Bit 1764,0.0004310526722315862
Bit 1056,0.00043089573056101504
Bit 1282,0.000430789033863391
Bit 730,0.0004305814312907626
Bit 1762,0.0004305425132906725
Bit 811,0.00043050474560563464
Bit 915,0.0004298565299596644
Bit 213,0.0004288504575489499
Bit 288,0.00042882227911550554
Bit 1724,0.00042863571428913036
Bit 1900,0.0004284781016677932
Bit 1420,0.00042841733488303103
Bit 1245,0.0004282417720438063
Bit 1663,0.00042799783561715143
Bit 946,0.00042753467493650266
Bit 1914,0.00042735646051286254
Bit 1302,0.00042713792586755283
Bit 600,0.00042694845554825696
Bit 372,0.000426941685639808
Bit 854,0.0004265154461845289
Bit 855,0.0004264335179790373
Bit 1313,0.00042623940412603913
Bit 1175,0.00042613018001058916
Bit 1159,0.0004259092698670108
Bit 37,0.00042530865039039947
Bit 1939,0.00042524396893762513
Bit 131,0.00042515805797061173
Bit 192,0.00042463564557996565
Bit 649,0.0004244057726140499
Bit 913,0.0004240517973686391
Bit 1798,0.0004240426358370304
Bit 575,0.00042397756482178393
Bit 1982,0.0004239531902622551
Bit 485,0.0004238752526309415
Bit 615,0.0004229496944400376
Bit 391,0.00042278389028867935
Bit 47,0.0004227415179376995
Bit 1316,0.00042252176463610235
Bit 1590,0.0004224801320497696
Bit 257,0.0004221370946390124
Bit 1184,0.0004217106614559625
Bit 1011,0.0004215271737436295
Bit 1239,0.0004213197938399379
Bit 1708,0.0004213179250241488
Bit 42,0.0004211684571709062
Bit 203,0.00042091992900598776
Bit 454,0.0004208528226452775
Bit 760,0.00042069731291346395
Bit 415,0.0004199286889899459
Bit 1576,0.00041988358940084586
Bit 1080,0.00041978346623931215
Bit 1404,0.00041953285682588175
Bit 351,0.00041917700708093064
Bit 1937,0.00041877877231474267
Bit 1468,0.00041859396378481875
Bit 628,0.00041774087174239945
Bit 79,0.0004165729462374089
Bit 1228,0.00041646761906555317
Bit 1499,0.0004154363412815137
Bit 345,0.00041538786097678046
Bit 149,0.00041527483038381106
Bit 1270,0.00041505424141712933
Bit 677,0.00041451071535270024
Bit 1433,0.0004140234665694475
Bit 978,0.0004137956584514789
Bit 1930,0.00041258993200244006
Bit 786,0.00041252180985912134
Bit 53,0.00041246974911472977
Bit 1063,0.0004121933932612477
Bit 1992,0.0004117900397574594
Bit 511,0.0004114967396543489
Bit 24,0.000411436617667452
Bit 1370,0.00041124086153981307
Bit 1550,0.00041120015143696493
Bit 661,0.0004111485755604541
Bit 1360,0.0004107605292729164
Bit 1786,0.0004106948510844288
Bit 1217,0.00041041664790556013
Bit 183,0.00041012458191432683
Bit 1968,0.00040951889124383036
Bit 1886,0.00040931292593644915
Bit 525,0.0004088342817719156
Bit 97,0.00040823737847884217
Bit 1597,0.0004076281392500288
Bit 208,0.00040716720270576125
Bit 1407,0.0004070194359119353
Bit 1770,0.00040692211895806
Bit 130,0.0004062160692431561
Bit 1012,0.0004059478934599124
Bit 17,0.00040586644069176255
Bit 489,0.0004058626151329069
Bit 1851,0.0004058141888903471
Bit 299,0.00040564435617399306
Bit 206,0.0004054754170681849
Bit 28,0.0004043472517392418
Bit 1978,0.0004036696635393229
Bit 1585,0.00040362756039574396
Bit 1428,0.000403276175319672
Bit 1889,0.0004032428617462321
Bit 1700,0.0004030232855512093
Bit 994,0.0004028403239168345
Bit 126,0.00040281477431398623
Bit 1179,0.00040252043001934393
Bit 107,0.00040234126926160473
Bit 1173,0.00040222871021435914
Bit 662,0.00040210440310268103
Bit 496,0.00040202321769434497
Bit 542,0.0004019807010352888
Bit 122,0.00040176044997671185
Bit 862,0.00040168231588900635
Bit 2001,0.0004014079818482768
Bit 630,0.0004013374797675155
Bit 1260,0.00040103086173513933
Bit 1304,0.0004007082475539144
Bit 1448,0.00040032864737837376
Bit 1892,0.00039984154327159954
Bit 1310,0.0003995704558058628
Bit 297,0.00039915722698626407
Bit 110,0.0003991141545598644
Bit 307,0.00039888796195763855
Bit 613,0.0003986941748949427
Bit 268,0.0003986705223060514
Bit 1226,0.00039865820258309074
Bit 1775,0.00039860988570211583
Bit 599,0.00039836731830326217
Bit 215,0.000398332936115265
Bit 748,0.0003977631118872104
Bit 1552,0.0003972049661913572
Bit 666,0.0003969326590788279
Bit 1498,0.0003967927648540025
Bit 803,0.0003967911402740641
Bit 108,0.0003967890387372297
Bit 1965,0.000396699445342554
Bit 928,0.00039630884583999814
Bit 1882,0.00039630067681073754
Bit 1949,0.0003961044665864896
Bit 620,0.0003958286785644705
Bit 933,0.00039523999447209596
Bit 956,0.00039475217485112447
Bit 1943,0.00039438835466718827
Bit 828,0.00039437811258844245
Bit 136,0.00039400096143978356
Bit 997,0.00039400059766039544
Bit 1879,0.0003938186084396965
Bit 273,0.0003935327406295219
Bit 1166,0.00039308810123386085
Bit 1053,0.00039306911535762787
Bit 121,0.00039302040528315583
Bit 413,0.00039263047541952573
Bit 1144,0.00039201111583388556
Bit 1137,0.00039174934926240263
Bit 1959,0.00039167746367740083
Bit 1950,0.00039143311347321065
Bit 1379,0.0003912866421042195
Bit 426,0.0003911064896573915
Bit 1153,0.00039085953568986613
Bit 870,0.0003908533639945125
Bit 1812,0.00039076949619479756
Bit 38,0.00039054161504862184
Bit 482,0.0003904083094158711
Bit 1024,0.0003901259874215789
Bit 229,0.00039010509384155054
Bit 1459,0.0003899258616368126
Bit 543,0.0003896062676029417
Bit 622,0.0003895734929254759
Bit 1822,0.00038951842333634205
Bit 1252,0.00038950449821309826
Bit 1530,0.00038940430893651926
Bit 912,0.0003891952107178249
Bit 419,0.0003889241192595247
Bit 618,0.000388592252433711
Bit 1712,0.0003885815870410657
Bit 914,0.0003884164168844595
Bit 81,0.0003882795254519911
Bit 46,0.00038780208648318257
Bit 569,0.00038767767052209586
Bit 1896,0.00038747324948339856
Bit 654,0.00038744227369834724
Bit 1940,0.00038737642805876924
Bit 687,0.0003867815661672903
Bit 1035,0.00038656139800466194
Bit 451,0.00038655311187440735
Bit 1842,0.0003864352215484325
Bit 1506,0.0003859314714561083
Bit 36,0.000385545906481197
Bit 819,0.00038547479666131565
Bit 1232,0.0003850653797338518
Bit 1323,0.00038506506387921976
Bit 1286,0.00038492983054901596
Bit 1359,0.0003847691437273771
Bit 832,0.0003847405361247975
Bit 1736,0.0003845795153973119
Bit 1618,0.0003844210259833881
Bit 752,0.00038425591988937996
Bit 332,0.0003842377781170703
Bit 712,0.0003841734462523914
Bit 1140,0.00038409256545120614
Bit 707,0.0003840545121285653
Bit 1367,0.0003838698528731057
Bit 1715,0.0003833317615013694
Bit 678,0.00038268636907874394
Bit 1610,0.0003825366746507035
Bit 1472,0.0003824660192440372
Bit 965,0.00038236448015427463
Bit 189,0.000382193456167747
Bit 1151,0.0003818334054978335
Bit 751,0.00038054532931385086
Bit 1230,0.0003805203455860505
Bit 549,0.00038047450185326717
Bit 374,0.0003799844411807773
Bit 59,0.0003799179896873853
Bit 850,0.0003797846129078004
Bit 1249,0.0003797533857623367
Bit 1833,0.0003797263071506405
Bit 1256,0.00037967172538857315
Bit 342,0.0003795600137383891
Bit 930,0.00037945692489975267
Bit 421,0.00037945663828426444
Bit 1805,0.0003791424985317964
Bit 1605,0.0003789273920685724
Bit 500,0.0003782281557571586
Bit 738,0.0003777424505985084
Bit 154,0.0003767248014821318
Bit 68,0.00037650216325401227
Bit 2044,0.00037621344959962
Bit 401,0.0003761527220992059
Bit 346,0.00037610416090559656
Bit 1177,0.0003753092842330736
Bit 846,0.00037526917173527386
Bit 253,0.00037521581123897956
Bit 455,0.00037484929172532994
Bit 567,0.00037382461878765716
Bit 499,0.0003732811357548077
Bit 1215,0.0003731104356500947
Bit 560,0.00037301127072824356
Bit 1884,0.0003728270501125089
Bit 923,0.0003725385333187524
Bit 1275,0.0003721452458836683
Bit 1129,0.0003720161181532617
Bit 220,0.00037182977730305987
Bit 742,0.00037181008868119756
Bit 1703,0.00037144822853022564
Bit 1369,0.00037105942378340374
Bit 1830,0.00037013533787434044
Bit 89,0.00036969898677989197
Bit 1065,0.00036942533726582187
Bit 1475,0.00036926920934839477
Bit 938,0.0003688953522370286
Bit 1958,0.00036884267345372186
Bit 1133,0.00036882801669499594
Bit 1409,0.0003686485436186019
Bit 0,0.00036805319389155317
Bit 2014,0.0003678374473428632
Bit 1640,0.0003675647804600948
Bit 1185,0.00036740619980858697
Bit 685,0.0003673031841620036
Bit 849,0.0003672653637879301
Bit 1829,0.00036707733571209023
Bit 1484,0.0003669556030787103
Bit 1073,0.0003664143031756799
Bit 1561,0.00036632657602624134
Bit 1337,0.00036590891051605347
Bit 1025,0.0003657941689889926
Bit 263,0.0003656905714112281
Bit 1241,0.00036562188586754414
Bit 1193,0.00036557448471371764
Bit 584,0.0003655499248752527
Bit 1811,0.000365423391576199
Bit 173,0.0003653921917318287
Bit 945,0.00036510304291932367
Bit 967,0.00036505572367995367
Bit 427,0.0003649681292453683
Bit 1375,0.00036477698249756343
Bit 218,0.00036450547135848127
Bit 1522,0.0003640929534586146
Bit 1611,0.00036343019611533185
Bit 1358,0.00036287325988832234
Bit 942,0.00036255506395107374
Bit 1473,0.0003624006119192955
Bit 83,0.0003622992813616272
Bit 1863,0.00036201907724132905
Bit 1061,0.0003615263185304703
Bit 1809,0.00036129525158542445
Bit 634,0.0003611349809751006
Bit 1431,0.000360804461587709
Bit 1460,0.0003602649273412508
Bit 261,0.0003601941673764715
Bit 35,0.00035989835063351836
Bit 601,0.00035976260683452546
Bit 797,0.000359744550978348
Bit 1839,0.0003597371281654699
Bit 196,0.00035943064973594966
Bit 1796,0.00035918987805717037
Bit 676,0.0003591473201387974
Bit 1022,0.0003584077042841847
Bit 194,0.0003583885549120857
Bit 1479,0.0003582543300746553
Bit 171,0.0003579956125834244
Bit 1327,0.00035799267948422264
Bit 182,0.00035796361213939596
Bit 1288,0.0003576128994089601
Bit 922,0.00035737966392041984
Bit 817,0.000357368946913877
Bit 1757,0.00035734461069994753
Bit 1571,0.00035717625953976377
Bit 1376,0.00035648813069565923
Bit 1848,0.0003564776545834822
Bit 245,0.0003564609169201624
Bit 380,0.00035614002794672833
Bit 1727,0.00035613186121876436
Bit 515,0.0003553193895239701
Bit 1558,0.00035500375411449156
Bit 2003,0.0003549805994957775
Bit 1353,0.00035482942825738705
Bit 1398,0.00035464697148845475
Bit 1227,0.00035462004021124367
Bit 763,0.00035454992913247474
Bit 1574,0.0003543686359188189
Bit 77,0.00035429885664301647
Bit 626,0.000354086331858286
Bit 865,0.00035385718829395943
Bit 1819,0.0003536155852626023
Bit 244,0.0003531548054106851
Bit 820,0.00035250723700668517
Bit 287,0.00035242125720172303
Bit 1265,0.0003523454665237354
Bit 246,0.00035224834433649594
Bit 1513,0.00035222723594831296
Bit 1183,0.00035213732645483656
Bit 1954,0.00035195134995971147
Bit 645,0.0003518882435255315
Bit 1194,0.00035182923913477086
Bit 995,0.00035162669259458494
Bit 2040,0.0003514865735009473
Bit 734,0.0003514399141678639
Bit 1300,0.00035099271667046045
Bit 1342,0.0003509607943842749
Bit 1251,0.00035088100355843636
Bit 195,0.00035027560499150876
Bit 1699,0.00034972839344639737
Bit 683,0.000349285273266355
Bit 1377,0.0003492083233644137
Bit 921,0.0003491919172335927
Bit 1935,0.0003489756651676103
Bit 212,0.0003476410449915989
Bit 403,0.00034715335627721823
Bit 665,0.0003471095825542509
Bit 2045,0.0003469544028949693
Bit 900,0.0003461840776280972
Bit 1599,0.0003461777792244969
Bit 1945,0.00034607280300309474
Bit 73,0.00034598154634294396
Bit 1566,0.0003458596363694288
Bit 673,0.0003451467521704439
Bit 1036,0.00034445520577362077
Bit 1220,0.0003437032351078087
Bit 711,0.0003435686118781819
Bit 878,0.00034332721283086425
Bit 1636,0.00034319139222125283
Bit 1966,0.000343136045054114
Bit 1658,0.0003430033843954663
Bit 911,0.00034268299957523267
Bit 172,0.0003423181869062516
Bit 1814,0.0003421498503710332
Bit 347,0.00034203123702829366
Bit 951,0.00034173300125446267
Bit 993,0.0003415849897178875
Bit 1390,0.000341435769329655
Bit 279,0.00034087212691638315
Bit 538,0.00034086670437128585
Bit 1529,0.0003406228269712173
Bit 1681,0.00034033352349796775
Bit 1085,0.00034025952015363293
Bit 304,0.0003400014589717084
Bit 1543,0.0003399745625558847
Bit 1439,0.00033969750481599334
Bit 1490,0.0003396710890010314
Bit 1531,0.0003395298245792006
Bit 1794,0.0003392864768185534
Bit 1881,0.00033866963015281686
Bit 581,0.00033857806903465676
Bit 1887,0.00033834484458397093
Bit 1698,0.00033821199416050066
Bit 1387,0.0003381459611459302
Bit 557,0.00033814196359379116
Bit 648,0.0003380219158350034
Bit 1187,0.000337932520526538
Bit 1629,0.00033775803921418644
Bit 1388,0.0003377574870760198
Bit 992,0.0003377050337566823
Bit 655,0.00033751544688161514
Bit 1661,0.0003368737880961917
Bit 1838,0.00033684704188721574
Bit 1324,0.0003367132313122926
Bit 214,0.00033617079846315226
Bit 757,0.0003359526300264715
Bit 1250,0.0003358476979102079
Bit 1343,0.00033574333246579497
Bit 1203,0.0003353595544274061
Bit 447,0.0003348393115709417
Bit 929,0.0003346853402223139
Bit 779,0.0003340335236709801
Bit 772,0.00033393009965849264
Bit 1235,0.00033276700300732554
Bit 633,0.0003325082363834594
Bit 467,0.000332365604467345
Bit 521,0.0003322944347508031
Bit 1326,0.0003322207434700165
Bit 334,0.00033210342222688745
Bit 986,0.00033209960110123756
Bit 1902,0.00033201789350742976
Bit 1817,0.000331696741598763
Bit 1002,0.00033157185570163034
Bit 893,0.00033155026814436154
Bit 1741,0.0003313798351199579
Bit 1517,0.00033120476489002955
Bit 1454,0.0003311217548810945
Bit 166,0.00033083716334046507
Bit 531,0.0003306644117183629
Bit 1408,0.00033062888414387874
Bit 65,0.0003305825917231156
Bit 1254,0.00032997712246557453
Bit 528,0.00032987195805542327
Bit 1837,0.0003297937322079547
Bit 1394,0.0003297615121124594
Bit 785,0.0003294690652315503
Bit 1052,0.00032940443819375027
Bit 1419,0.0003286081579070722
Bit 232,0.000328483213978008
Bit 1725,0.0003284792778766894
Bit 292,0.00032845893730883857
Bit 1752,0.00032835831250595227
Bit 1735,0.00032824303773713854
Bit 823,0.000328174013037553
Bit 1255,0.0003279482597262431
Bit 1008,0.00032779226328970783
Bit 1575,0.0003272912544220332
Bit 1962,0.00032690135642966177
Bit 101,0.00032688981554339087
Bit 1093,0.00032665895737145145
Bit 755,0.0003266501419105444
Bit 741,0.0003266321202396175
Bit 1969,0.00032661733325175835
Bit 1020,0.00032630053389995687
Bit 1098,0.0003262543484405781
Bit 1686,0.0003261846068611089
Bit 1470,0.00032616927702645843
Bit 1669,0.00032569396969257385
Bit 243,0.0003256795282168127
Bit 1639,0.0003253182466242202
Bit 952,0.00032520826582365715
Bit 1608,0.00032473439032277944
Bit 1895,0.00032424693511222
Bit 1906,0.0003239811662649545
Bit 827,0.0003238997927213469
Bit 125,0.0003237833319266505
Bit 551,0.00032311603962741124
Bit 95,0.0003230336282154034
Bit 976,0.00032290942420316464
Bit 457,0.00032287905812760563
Bit 1996,0.00032263178475933226
Bit 411,0.00032215566813616827
Bit 943,0.0003220986062240517
Bit 373,0.0003212434231460781
Bit 395,0.00032101189718610244
Bit 1876,0.00032052245645889814
Bit 2020,0.0003203508160947086
Bit 1953,0.00032027441442262616
Bit 861,0.0003197603364804277
Bit 298,0.0003194599171505136
Bit 1301,0.00031937986376336954
Bit 198,0.00031934922708024395
Bit 532,0.0003192923316441887
Bit 1861,0.0003185427701147449
Bit 1142,0.0003185280373652018
Bit 1587,0.00031800271684355756
Bit 51,0.00031763472686803735
Bit 316,0.0003174427541051705
Bit 1695,0.0003173938480500006
Bit 936,0.00031695684655114425
Bit 697,0.0003169286431183608
Bit 355,0.0003168843253517524
Bit 966,0.00031664104476168085
Bit 1807,0.00031660697736571585
Bit 1354,0.00031646753815246103
Bit 989,0.0003162288232346997
Bit 1685,0.000316162699533653
Bit 859,0.00031614028123353274
Bit 10,0.00031600051263039997
Bit 1001,0.0003156931518254803
Bit 869,0.00031557086115795857
Bit 57,0.0003154515758451958
Bit 436,0.00031536048356929647
Bit 1414,0.00031498468837076456
Bit 1758,0.00031487885578372317
Bit 546,0.00031480767187244625
Bit 2035,0.0003148068698133362
Bit 1864,0.0003146664635119663
Bit 280,0.0003146367747735266
Bit 1706,0.0003144980282039142
Bit 1975,0.0003144340723274548
Bit 1383,0.00031438287017670157
Bit 1048,0.00031437846566159135
Bit 201,0.000314338386519174
Bit 1656,0.0003137900259363674
Bit 1269,0.0003137796952580891
Bit 1218,0.00031352421230510414
Bit 481,0.00031341663439689787
Bit 408,0.0003133865984097773
Bit 1792,0.00031297074944152596
Bit 1128,0.0003129300235923073
Bit 1069,0.00031289240598136674
Bit 388,0.0003125673295671554
Bit 702,0.000311999906308258
Bit 891,0.00031164318191577873
Bit 818,0.0003115658768757091
Bit 1755,0.000311356542466539
Bit 1630,0.0003110894196658563
Bit 924,0.00031107368090131334
Bit 1463,0.0003110217759649145
Bit 1740,0.00031065186598712967
Bit 1588,0.00031050464897855825
Bit 1977,0.00031026596474839727
Bit 1679,0.0003100617293751228
Bit 1148,0.00030994215425818425
Bit 637,0.0003098084025751401
Bit 113,0.00030975397585869183
Bit 605,0.00030920154221156
Bit 1903,0.0003091155309366655
Bit 1633,0.0003088486383193294
Bit 612,0.00030880874456944607
Bit 133,0.0003086706314762189
Bit 61,0.0003085345000300951
Bit 1000,0.0003083378029529267
Bit 300,0.0003082250690691601
Bit 903,0.00030803738830873016
Bit 85,0.00030803636272425404
Bit 1064,0.00030793089799045753
Bit 1760,0.00030779776450843346
Bit 1734,0.00030767900361682954
Bit 1332,0.00030748556850215483
Bit 1657,0.0003074747209344315
Bit 1340,0.0003074268228369315
Bit 646,0.0003071878584543099
Bit 1122,0.00030677505861583985
Bit 1907,0.0003066970413358791
Bit 815,0.000306563215031996
Bit 495,0.00030652647947008375
Bit 54,0.0003064199738704071
Bit 181,0.00030641454505799773
Bit 1442,0.0003061901041299988
Bit 764,0.0003059575556325308
Bit 462,0.00030585526477703255
Bit 1406,0.00030518864470065513
Bit 1108,0.00030516955016541734
Bit 1613,0.0003049276198584885
Bit 67,0.00030492419598814583
Bit 262,0.0003048063670957543
Bit 356,0.0003047117367687469
Bit 1643,0.0003039421670436893
Bit 1983,0.0003038915947365656
Bit 1318,0.0003038347780923373
Bit 174,0.0003037834673010136
Bit 134,0.0003037575893660864
Bit 954,0.00030350655280033404
Bit 1702,0.0003034822970384065
Bit 1021,0.0003032800571907387
Bit 416,0.00030313922936734257
Bit 66,0.0003026093372936344
Bit 535,0.00030164075087366565
Bit 1311,0.0003015464017592408
Bit 664,0.00030123919375317184
Bit 898,0.00030113191058098643
Bit 1759,0.0003011080489667343
Bit 326,0.0003007428030849348
Bit 190,0.00030025886762351613
Bit 2030,0.00030025773167768904
Bit 1495,0.0003002259192782492
Bit 999,0.0002998305584076962
Bit 587,0.00029962344760892616
Bit 1268,0.0002994957506086379
Bit 554,0.0002993080787525766
Bit 1632,0.00029912523831216744
Bit 1988,0.00029900882679281316
Bit 321,0.0002989714328198692
Bit 1893,0.00029892825842409127
Bit 142,0.0002985996581891115
Bit 1042,0.00029822342690216826
Bit 1109,0.00029809831813931096
Bit 889,0.00029801202188416446
Bit 1248,0.0002976124186785478
Bit 1841,0.0002975853687616475
Bit 1711,0.00029715312284114934
Bit 839,0.00029682139592498215
Bit 1526,0.0002967508893602911
Bit 1912,0.0002966375699283851
Bit 959,0.0002964920831374691
Bit 1234,0.00029639317673042987
Bit 518,0.00029639158455363576
Bit 1132,0.00029610669334504953
Bit 144,0.00029607500976469564
Bit 1938,0.0002960362472224405
Bit 852,0.0002956288804668045
Bit 916,0.0002955840312542906
Bit 1216,0.000295534666635046
Bit 1213,0.0002955218042556232
Bit 1904,0.00029530155298849146
Bit 1348,0.00029453667575487185
Bit 1553,0.00029395824141972143
Bit 1877,0.00029390495062942907
Bit 1868,0.00029390027634636613
Bit 295,0.00029389383263101273
Bit 1539,0.00029377365715638296
Bit 1271,0.00029342559184079343
Bit 964,0.00029339453822911583
Bit 770,0.00029338060761739605
Bit 1346,0.00029330832796027167
Bit 1716,0.00029298527300787705
Bit 844,0.00029297347568630575
Bit 1538,0.00029248287076483306
Bit 1094,0.00029247362009093207
Bit 627,0.0002920687325330744
Bit 533,0.00029173532956029995
Bit 2031,0.00029128889387089544
Bit 596,0.0002911458629814781
Bit 1330,0.0002907976334258628
Bit 1082,0.0002907221563441898
Bit 1668,0.00029034275175506815
Bit 1718,0.00029033989606251263
Bit 1795,0.00029023409872878724
Bit 7,0.0002902116454664308
Bit 743,0.00029019882023349086
Bit 1283,0.00028976329360551583
Bit 544,0.00028960254705578763
Bit 1888,0.0002895786036368297
Bit 1246,0.0002891651537859315
Bit 1801,0.0002891471984141769
Bit 1614,0.0002891377649197309
Bit 1341,0.0002890601538123584
Bit 1979,0.0002888160104798922
Bit 276,0.0002887688258931696
Bit 48,0.0002887369363640697
Bit 990,0.00028864415553323
Bit 163,0.0002885702777257236
Bit 1955,0.00028850905563240916
Bit 78,0.0002883465614001937
Bit 1411,0.0002881962896240994
Bit 1351,0.00028795795141156307
Bit 1769,0.0002878691390716599
Bit 1403,0.00028772017561540524
Bit 1688,0.00028765422100184853
Bit 1481,0.00028759470031061344
Bit 405,0.00028736684503067824
Bit 1170,0.00028733267799285934
Bit 1909,0.00028733258361649243
Bit 1858,0.00028726767193220764
Bit 1514,0.00028712832997353633
Bit 1713,0.00028712428508500566
Bit 1200,0.00028702554362169247
Bit 88,0.00028702412446204054
Bit 631,0.00028669962461264813
Bit 1322,0.00028662760808341464
Bit 56,0.0002861037190365952
Bit 829,0.00028601936209068414
Bit 998,0.0002860057257419815
Bit 1015,0.00028600094036524977
Bit 1413,0.00028586041896821665
Bit 1465,0.00028576929609241004
Bit 1583,0.0002857343764364559
Bit 267,0.0002855313503844576
Bit 949,0.0002848663702611836
Bit 1273,0.00028483839321609254
Bit 1682,0.0002847503503720526
Bit 524,0.00028460090192388473
Bit 336,0.00028437294439038064
Bit 1382,0.000284270064345919
Bit 1364,0.0002840832174573813
Bit 282,0.00028376949768493896
Bit 50,0.00028367930999471247
Bit 1437,0.00028351455007864497
Bit 754,0.00028345860291482326
Bit 1204,0.0002834105085449475
Bit 1511,0.00028312877980580175
Bit 1885,0.00028308622216565517
Bit 170,0.00028294450018012836
Bit 398,0.00028266126282290815
Bit 1528,0.00028252321598099943
Bit 86,0.00028249055215899283
Bit 1623,0.0002824515787706104
Bit 765,0.0002822312578727129
Bit 595,0.0002821807372197642
Bit 479,0.00028198663294882185
Bit 1062,0.00028104931537832584
Bit 2032,0.0002810127302103584
Bit 18,0.00028090639847921554
Bit 3,0.000280485984318128
Bit 972,0.00028040220968503183
Bit 150,0.0002799009235468803
Bit 199,0.00027943555151429324
Bit 132,0.00027936813400852736
Bit 1150,0.00027889274557935215
Bit 962,0.00027850910781428774
Bit 399,0.00027809687028385223
Bit 1207,0.00027741049341998094
Bit 791,0.0002773796763774782
Bit 91,0.00027701578616180235
Bit 1058,0.00027664529192135553
Bit 1399,0.0002761444997963945
Bit 1435,0.00027582947108860975
Bit 555,0.0002757145469985381
Bit 957,0.00027566675461963353
Bit 1119,0.00027534880679141045
Bit 761,0.0002752524560926786
Bit 442,0.00027504450120634764
Bit 1749,0.00027496383336439716
Bit 789,0.0002748952232915794
Bit 453,0.00027472166112732375
Bit 120,0.00027464191159588727
Bit 224,0.0002745886549450077
Bit 719,0.00027449226205776333
Bit 801,0.00027375982045630857
Bit 1190,0.0002736446393700649
Bit 603,0.0002736206629381746
Bit 868,0.00027328339197975533
Bit 769,0.0002731012407251794
Bit 1335,0.00027279836670729445
Bit 2026,0.00027276203020816026
Bit 492,0.0002727396642717982
Bit 1127,0.0002725625261200715
Bit 686,0.000272415824282015
Bit 410,0.0002724091463871469
Bit 2036,0.0002723588006778217
Bit 793,0.00027207553900922244
Bit 1003,0.00027204177331583074
Bit 1303,0.00027198543419035157
Bit 1289,0.0002717861438232923
Bit 1161,0.0002717679370309219
Bit 727,0.00027149870881989217
Bit 1149,0.00027141376738175436
Bit 876,0.0002713032137853579
Bit 2041,0.0002712457695206906
Bit 1263,0.0002710640984474978
Bit 1689,0.00027086409229818765
Bit 1030,0.00027079956973806094
Bit 1690,0.00027050873210357165
Bit 364,0.000270489044803708
Bit 660,0.00027016208351805115
Bit 1347,0.00026997224469183217
Bit 608,0.0002695695755470549
Bit 907,0.0002687019633365872
Bit 209,0.0002684854467440821
Bit 1222,0.00026846632104369963
Bit 643,0.00026836418078332006
Bit 1421,0.00026797381203538833
Bit 435,0.0002672591990228446
Bit 438,0.0002666533590366011
Bit 669,0.0002665198833431256
Bit 1772,0.00026638080269297327
Bit 571,0.00026633438072164997
Bit 1306,0.0002662177099688302
Bit 306,0.00026617015556925787
Bit 2023,0.0002661673037154311
Bit 1111,0.00026597558715554706
Bit 866,0.00026584071040299266
Bit 582,0.00026582682720107997
Bit 1548,0.0002655602112854494
Bit 443,0.00026546550019704296
Bit 1521,0.0002645084035424051
Bit 1339,0.0002643130397772241
Bit 414,0.0002639128461497211
Bit 2010,0.0002638866055226251
Bit 688,0.0002637707127057315
Bit 813,0.00026305947959386083
Bit 404,0.0002630584891963034
Bit 931,0.0002625555920320755
Bit 1512,0.000262326153103964
Bit 1210,0.00026226395361051986
Bit 604,0.0002621879174583503
Bit 143,0.00026216981531956184
Bit 925,0.00026215157055267083
Bit 1046,0.0002620425829919732
Bit 536,0.0002618297902754592
Bit 1211,0.00026179224812719826
Bit 320,0.0002617666677038427
Bit 1616,0.00026146859791145586
Bit 1790,0.00026142003923730546
Bit 223,0.0002613211645989619
Bit 1933,0.00026112817551925127
Bit 1720,0.00026083490733954073
Bit 1201,0.00026058965135679937
Bit 2046,0.0002605149567147344
Bit 390,0.0002595714887720565
Bit 151,0.00025947454344122213
Bit 1106,0.0002592928883015674
Bit 1929,0.0002582822084456566
Bit 768,0.00025803447171818006
Bit 406,0.0002570502513018388
Bit 137,0.0002566609744584411
Bit 1258,0.00025666076593220614
Bit 756,0.00025665624804655976
Bit 1598,0.00025645079609597926
Bit 1559,0.00025636211783318217
Bit 444,0.00025628946935763505
Bit 1510,0.0002562733881996871
Bit 559,0.0002562224422341759
Bit 1776,0.00025610924582076123
Bit 958,0.0002558445567560839
Bit 96,0.00025563205648533073
Bit 1579,0.00025553832912551404
Bit 704,0.0002551005566580014
Bit 431,0.0002548437429702379
Bit 1494,0.0002547374723372114
Bit 1773,0.000254682337417726
Bit 219,0.0002546411258071347
Bit 1595,0.0002546142084304152
Bit 1443,0.0002545969296677364
Bit 1397,0.00025404502015406597
Bit 1730,0.0002534151295606212
Bit 20,0.0002533912926367816
Bit 722,0.00025282890887921974
Bit 1368,0.0002524694405781502
Bit 2015,0.0002524092345240454
Bit 1103,0.0002523866096629116
Bit 1580,0.00025215457853838976
Bit 256,0.000252099765792271
Bit 1461,0.0002520112974594586
Bit 1719,0.0002516421610249293
Bit 983,0.0002515759214119198
Bit 497,0.0002515286176382016
Bit 1532,0.0002512849918528475
Bit 377,0.00025110455367281375
Bit 1038,0.00025097097740261733
Bit 1572,0.0002507260930369676
Bit 433,0.00025041177806061683
Bit 429,0.00025011342311790144
Bit 460,0.00025002871651241094
Bit 520,0.00024943268886900097
Bit 706,0.0002493844566195082
Bit 1165,0.0002490995276798647
Bit 1761,0.0002490346682200845
Bit 2028,0.00024891224282575604
Bit 1568,0.0002488705755388817
Bit 1551,0.0002487373919997472
Bit 1782,0.00024873553045023423
Bit 1609,0.0002487333655564076
Bit 1995,0.00024870031428741193
Bit 21,0.00024869181637142174
Bit 1763,0.0002483282167245924
Bit 565,0.00024789588408864445
Bit 882,0.00024783823419888414
Bit 1492,0.0002478362543642483
Bit 1278,0.00024772530766276616
Bit 517,0.0002476622820027509
Bit 1041,0.00024762138746960464
Bit 63,0.0002475826593392657
Bit 1026,0.00024748054034824744
Bit 312,0.00024701650746652027
Bit 1880,0.00024673635887288465
Bit 177,0.0002466184663174179
Bit 175,0.0002463826974884948
Bit 867,0.00024635175787490705
Bit 1401,0.00024599530702330597
Bit 1125,0.0002455898972554834
Bit 1784,0.0002451477058159934
Bit 484,0.00024511313379635625
Bit 982,0.0002444618336982684
Bit 339,0.0002443233835125836
Bit 1333,0.00024418195255078055
Bit 1425,0.0002438593607201974
Bit 487,0.00024382533787200132
Bit 1434,0.00024371419247806513
Bit 644,0.00024366817594835652
Bit 830,0.00024353690774652279
Bit 1054,0.00024313490997983955
Bit 2006,0.00024303452299136922
Bit 488,0.00024297737405462724
Bit 1075,0.00024293729058435498
Bit 863,0.00024276363763428994
Bit 574,0.0002425869360789636
Bit 1029,0.00024258437471157398
Bit 483,0.0002420275329392878
Bit 1496,0.00024200342978325878
Bit 1352,0.0002417915886010915
Bit 472,0.00024143574877156132
Bit 1259,0.0002413732400792813
Bit 1244,0.00024115864004506827
Bit 266,0.00024086608126433774
Bit 161,0.00024085182556497485
Bit 1927,0.00024079415393952585
Bit 1374,0.00024079204001957745
Bit 386,0.00024073711941142236
Bit 872,0.00024055003241536365
Bit 681,0.00024046633193168063
Bit 129,0.00024019774551679583
Bit 1936,0.00023964912731749038
Bit 1373,0.0002388867459605486
Bit 200,0.00023836062278692873
Bit 970,0.0002383523931448215
Bit 1710,0.00023816703358235184
Bit 672,0.0002380376462622851
Bit 1426,0.00023798934614121327
Bit 418,0.0002379340432242365
Bit 1677,0.0002376843549152224
Bit 254,0.00023738190700831115
Bit 1925,0.0002367767926354361
Bit 1891,0.00023671206502572318
Bit 1666,0.00023671023731432949
Bit 516,0.00023665221378518095
Bit 1815,0.00023653074035975092
Bit 1095,0.00023606013631034394
Bit 1918,0.00023577582206910165
Bit 991,0.00023569346804828202
Bit 700,0.00023567990996939278
Bit 1485,0.00023545027392885546
Bit 1845,0.0002354501648648493
Bit 810,0.00023544316473081292
Bit 1546,0.0002354426895122077
Bit 1172,0.00023538892217743818
Bit 709,0.0002353623891972264
Bit 1196,0.00023532330203047803
Bit 1135,0.0002352310729009871
Bit 775,0.00023487842606458438
Bit 510,0.00023473464200984547
Bit 1471,0.00023458678335166598
Bit 1267,0.00023454314895391141
Bit 625,0.00023430320620867982
Bit 12,0.00023413338066431203
Bit 776,0.00023403954373801914
Bit 128,0.00023392973945848301
Bit 568,0.00023349680158991088
Bit 1612,0.00023344512755683295
Bit 31,0.0002333121612768056
Bit 1660,0.00023292161355289998
Bit 773,0.00023274547426231325
Bit 808,0.00023243968133404832
Bit 330,0.0002321384751617471
Bit 49,0.0002317880806205042
Bit 1328,0.00023169595431727237
Bit 367,0.00023168243478026128
Bit 1565,0.00023159314885158946
Bit 1534,0.00023130930514694492
Bit 1018,0.0002312274985388156
Bit 39,0.00023069275799497222
Bit 302,0.0002302782015125353
Bit 1237,0.00023021417920418314
Bit 1072,0.0002297978873743905
Bit 1667,0.00022955413064891904
Bit 594,0.00022951623052988173
Bit 1068,0.0002294464605424943
Bit 534,0.0002292489790610794
Bit 459,0.00022895925481493184
Bit 296,0.00022893070782695654
Bit 1744,0.00022883055372369555
Bit 1684,0.00022881972134737816
Bit 169,0.00022866230088371565
Bit 1505,0.00022846030362889586
Bit 1924,0.0002283297945573969
Bit 1186,0.0002277199089702907
Bit 1570,0.0002275192640498682
Bit 2011,0.00022711181864983748
Bit 465,0.00022667972947624748
Bit 1653,0.00022644515863363393
Bit 188,0.00022624181032265944
Bit 717,0.00022612763541350413
Bit 1624,0.0002260719356920297
Bit 466,0.00022597726962015819
Bit 396,0.0002253421551008941
Bit 16,0.00022498718454939509
Bit 1134,0.00022497518060799347
Bit 796,0.0002248173345107472
Bit 710,0.00022459344896893742
Bit 250,0.0002242342731038195
Bit 1262,0.000223881359937747
Bit 290,0.00022376814147339417
Bit 1477,0.0002234615063817554
Bit 1297,0.00022312115428457877
Bit 478,0.0002227243866638726
Bit 1584,0.00022266091336867682
Bit 1432,0.00022266022393075985
Bit 1287,0.0002223854757423417
Bit 103,0.0002220719391636601
Bit 1519,0.00022202194925573273
Bit 614,0.00022192026028426305
Bit 1016,0.00022167708515277932
Bit 1743,0.0002214594959595363
Bit 179,0.00021980084343571244
Bit 2016,0.00021979600868922972
Bit 777,0.00021897079018410025
Bit 778,0.00021877042775816222
Bit 167,0.0002186757458009851
Bit 733,0.0002186313561705524
Bit 236,0.00021843987987444383
Bit 880,0.000218260795139654
Bit 514,0.00021809203954733332
Bit 1469,0.00021774996919057842
Bit 1299,0.0002174482303931398
Bit 1788,0.00021717917769799633
Bit 164,0.0002169436411353754
Bit 522,0.00021687858563535428
Bit 792,0.00021678258765640037
Bit 1079,0.00021641809099660976
Bit 1338,0.00021615033114733248
Bit 359,0.0002160920586394683
Bit 1628,0.00021604110726207944
Bit 570,0.00021597952731133364
Bit 1118,0.00021587616501671014
Bit 877,0.00021453438372325966
Bit 1787,0.00021451820526905755
Bit 1836,0.0002144044671027584
Bit 663,0.00021408806508867298
Bit 919,0.00021377379227990458
Bit 1556,0.00021256635226498703
Bit 1781,0.00021248612202131039
Bit 331,0.00021247079384732666
Bit 553,0.00021203951170380912
Bit 1350,0.00021186663232331283
Bit 1174,0.0002112111748035554
Bit 1802,0.00020985222887782583
Bit 985,0.000209801154919617
Bit 851,0.0002089683674594244
Bit 1277,0.00020865694231926886
Bit 1113,0.0002078248879170393
Bit 1674,0.00020775735095347536
Bit 60,0.0002068608835628324
Bit 1044,0.00020679633508276972
Bit 780,0.00020668991343726433
Bit 1392,0.00020618594308845464
Bit 853,0.00020613285990457575
Bit 52,0.00020593856822739728
Bit 1651,0.0002056692987251467
Bit 1774,0.00020563832904133166
Bit 23,0.0002054795075672381
Bit 1493,0.000205385920571492
Bit 1092,0.00020528327892902035
Bit 977,0.00020507744494367337
Bit 1242,0.00020492062219682497
Bit 1345,0.0002042133130336719
Bit 1355,0.0002039438113136137
Bit 1381,0.00020366880207972537
Bit 1281,0.0002036573662410672
Bit 445,0.00020314427121320905
Bit 705,0.00020301065485735836
Bit 1107,0.00020298993754600548
Bit 1620,0.00020289261574301683
Bit 1319,0.00020262715249450065
Bit 848,0.00020241489803954447
Bit 783,0.00020237595613799804
Bit 27,0.00020235350500822096
Bit 1483,0.00020218301303949726
Bit 729,0.00020210548253929254
Bit 2007,0.00020180423278546292
Bit 1276,0.00020170921509929783
Bit 1117,0.0002016550146537776
Bit 1641,0.00020157506429563252
Bit 1139,0.0002015259948678542
Bit 1944,0.00020150717013835137
Bit 1994,0.00020145369186491788
Bit 1883,0.00020138754695874926
Bit 1600,0.0002011600632057208
Bit 758,0.00020111310631471893
Bit 537,0.00020109908162808135
Bit 805,0.0002010817613653822
Bit 1714,0.00020103771930716458
Bit 340,0.00020066972717554973
Bit 1813,0.00020048346326047967
Bit 1821,0.00020031169558548542
Bit 505,0.0001998056849516898
Bit 836,0.00019977590610382315
Bit 682,0.00019947400428967405
Bit 1206,0.00019940102280597912
Bit 1219,0.00019920075843609931
Bit 2002,0.0001991814473310402
Bit 580,0.00019873446931563946
Bit 468,0.00019845738025664364
Bit 303,0.00019769686566957923
Bit 1625,0.00019757386154236042
Bit 178,0.00019711624845837258
Bit 1932,0.00019701662829396053
Bit 506,0.00019678728119908013
Bit 71,0.00019665549248063075
Bit 1074,0.0001964333609149441
Bit 1253,0.00019637045092771118
Bit 1102,0.00019634964119938017
Bit 2039,0.00019597933023196877
Bit 1826,0.00019570796351534283
Bit 1486,0.00019564255443452942
Bit 153,0.00019556607617443432
Bit 146,0.0001952564405423746
Bit 1619,0.00019461372222299536
Bit 621,0.00019461306329747132
Bit 1291,0.0001944397667701388
Bit 1831,0.00019379497663978088
Bit 1843,0.00019362753024058121
Bit 1621,0.0001936248311998219
Bit 1672,0.0001936002723236806
Bit 1601,0.0001932080897196835
Bit 393,0.0001932027354731135
Bit 1424,0.00019297053292921076
Bit 1974,0.00019245493472586412
Bit 1023,0.0001924160570071699
Bit 1960,0.00019220840803735686
Bit 1562,0.00019183386098405768
Bit 55,0.0001917635281872007
Bit 1090,0.00019150112862585759
Bit 210,0.00019141410210427352
Bit 1635,0.00018978392806737044
Bit 1474,0.00018972305941450642
Bit 93,0.00018958834735907713
Bit 1870,0.00018901779018604418
Bit 1857,0.00018876999189819095
Bit 1767,0.0001887099475063736
Bit 1890,0.0001879995032537777
Bit 1680,0.00018776200145536267
Bit 788,0.00018754748281666603
Bit 1545,0.00018662696915470079
Bit 539,0.00018617837619946538
Bit 920,0.0001861263015476427
Bit 1320,0.00018585636129359108
Bit 15,0.0001858469952956421
Bit 1293,0.0001854637698365216
Bit 2043,0.00018546004956681005
Bit 1497,0.0001853892765819158
Bit 904,0.00018416225668498412
Bit 1491,0.0001841120276745184
Bit 238,0.00018329444521299388
Bit 1824,0.0001831764728700567
Bit 127,0.0001830703718913186
Bit 1818,0.00018297099996615414
Bit 746,0.00018233508461559114
Bit 1967,0.0001820241932566541
Bit 1084,0.00018190964652020693
Bit 1331,0.00018186321781875909
Bit 856,0.00018168290326773325
Bit 1753,0.00018157381213699
Bit 176,0.00018157014217757815
Bit 963,0.00018146604154650593
Bit 871,0.00018092812730334193
Bit 2025,0.00018084528817012265
Bit 971,0.00018015781147850916
Bit 1462,0.0001799033940393193
Bit 1756,0.00017956989400916677
Bit 1592,0.00017896468719377345
Bit 905,0.00017871458533994273
Bit 64,0.00017845321512643118
Bit 721,0.0001779847423037193
Bit 1533,0.00017738734761223716
Bit 1834,0.00017721656831811588
Bit 1652,0.00017665260465332032
Bit 98,0.00017655655156877584
Bit 187,0.00017629537423039519
Bit 1121,0.00017609421321746624
Bit 1793,0.00017578938896283997
Bit 353,0.00017550538840815317
Bit 26,0.00017533684709589894
Bit 1059,0.00017438656415211105
Bit 1188,0.00017434091313065934
Bit 939,0.00017426118284448073
Bit 767,0.00017423663545415322
Bit 1707,0.00017415899741018005
Bit 825,0.00017399633732068982
Bit 1329,0.00017326997685337202
Bit 651,0.00017286007383404497
Bit 822,0.0001728407655072128
Bit 1537,0.00017246027464098943
Bit 111,0.00017233924579210786
Bit 607,0.00017121719599502957
Bit 19,0.00017099859421545747
Bit 270,0.00017083582582833897
Bit 1846,0.0001708265627669138
Bit 887,0.0001705567553942585
Bit 1615,0.00017035431711977106
Bit 1131,0.00016979918324347117
Bit 1334,0.00016964767269249465
Bit 1076,0.00016960891612106092
Bit 1315,0.00016900860774537516
Bit 1523,0.00016827618792885135
Bit 639,0.0001680127624218998
Bit 152,0.0001675253459747932
Bit 1751,0.00016736581582178252
Bit 402,0.00016736353854664144
Bit 423,0.0001668378097411602
Bit 148,0.00016649738426652367
Bit 311,0.00016564320779723215
Bit 112,0.0001655093825451998
Bit 417,0.00016535585883716833
Bit 948,0.0001647912373612567
Bit 512,0.00016460291682071876
Bit 1973,0.00016458690292604555
Bit 1423,0.00016418880855346814
Bit 450,0.00016407801857072862
Bit 1872,0.00016383909061297027
Bit 578,0.0001637173933855869
Bit 1593,0.00016321317949080167
Bit 659,0.0001630231843213842
Bit 1541,0.00016280244505009037
Bit 1105,0.00016149441512054567
Bit 2019,0.00016141686735629546
Bit 475,0.00016104480808166847
Bit 185,0.00016080845186084504
Bit 1033,0.00015989337940527492
Bit 247,0.00015896930310259474
Bit 1007,0.00015829457597889854
Bit 774,0.00015806563883999928
Bit 545,0.000158022030816171
Bit 576,0.00015622829729577877
Bit 726,0.00015612260353748572
Bit 476,0.00015579830169890288
Bit 240,0.00015547145259936984
Bit 1467,0.00015484504159229737
Bit 2008,0.00015442457474619702
Bit 449,0.00015387047054690004
Bit 376,0.00015375657295160346
Bit 1780,0.00015323447068892745
Bit 1789,0.00015280127096422674
Bit 1393,0.00015197304534521724
Bit 2029,0.00015193547767705567
Bit 509,0.00015176943461438856
Bit 434,0.00015171532946425703
Bit 1797,0.00015091069465487705
Bit 1540,0.00015081484659863656
Bit 370,0.00015078836586219176
Bit 1223,0.00015069594947851735
Bit 1704,0.0001505611148343035
Bit 1931,0.00015026245102485187
Bit 1865,0.00014971493970051598
Bit 100,0.00014892828308306333
Bit 988,0.00014850832549815466
Bit 1835,0.000147709264515055
Bit 874,0.0001475453275012819
Bit 1378,0.0001473864829708871
Bit 696,0.00014676012716443722
Bit 141,0.00014660866490698283
Bit 105,0.00014560264822524905
Bit 1078,0.00014553065256210285
Bit 1500,0.00014472577602844746
Bit 6,0.00014368427959856445
Bit 1709,0.0001436335457431332
Bit 308,0.00014344251204353846
Bit 842,0.00014336867251931853
Bit 1402,0.00014321168445174793
Bit 1509,0.00014315448348495101
Bit 1606,0.0001430260369917561
Bit 640,0.0001427011442966259
Bit 579,0.00014204960632359584
Bit 1112,0.0001419525093391585
Bit 540,0.00014137170985035897
Bit 2037,0.0001393415616878251
Bit 1115,0.00013855171833652418
Bit 22,0.0001384147836754389
Bit 583,0.00013804825192294956
Bit 123,0.00013790905739125733
Bit 572,0.0001371799727937268
Bit 635,0.0001370810350712442
Bit 968,0.0001364226269599505
Bit 324,0.00013530327441464615
Bit 1650,0.00013360027879773386
Bit 124,0.00013267811847685211
Bit 159,0.0001322852342402591
Bit 1247,0.00013117314365672126
Bit 1372,0.00013026981803624302
Bit 698,0.0001295988547763801
Bit 1100,0.00012923893009318858
Bit 1705,0.00012905840681511297
Bit 375,0.00012835328963969926
Bit 670,0.00012808884800310003
Bit 2027,0.0001242987184962236
Bit 1874,0.00012415893107469632
Bit 1560,0.00012414450186036899
Bit 365,0.00012091129894863089
Bit 424,0.00011999210965807898
Bit 274,0.00011946871835081094
Bit 337,0.00011858353014042757
Bit 135,0.00011846538672009521
Bit 1081,0.00011723917836632012
Bit 1525,0.00011562981007127707
Bit 508,0.00011539555904182905
Bit 1040,0.00011386882368753627
Bit 264,0.0001128518276908038
Bit 969,0.0001124511505751429
Bit 1344,0.00011002171706160598
Bit 1875,0.00010782157574988127
Bit 1006,0.00010435990302528746
Bit 258,0.00010400125786882155
Bit 1371,0.00010359743583781047
Bit 1212,0.00010293858685650561
Bit 616,0.00010172443231298942
Bit 477,9.943394483854488e-05
Bit 1547,9.78880566239664e-05
Bit 1180,9.773093540185045e-05
Bit 1662,9.765005760774231e-05
Bit 156,9.713814421925912e-05
Bit 1515,9.19935105343018e-05
Bit 70,9.112225703792572e-05
Bit 2005,8.574260439268055e-05
Bit 72,8.22020998899912e-05
Bit 1191,8.166830215757211e-05
Bit 44,7.455424284240663e-05
Bit 1178,7.400451842422073e-05
Bit 1678,7.319107940983663e-05
Bit 513,7.156229411667985e-05
Bit 285,6.89974105675776e-05
Bit 657,6.515511142851623e-05
Bit 1596,6.396828760763205e-05
Bit 1037,6.172290103863028e-05
